Id,Name,Email,Salary
,Brok Cartan,,1162.43
32,Iona Jepson,ijepsonv@soup.io,0.00
50,Mab Swinglehurst,mswinglehurst1d@apple.com,0.00
60,Shel Kitlee,skitlee1n@opensource.org,0.00
65,Florina Woodburn,fwoodburn1s@adobe.com,0.00
70,Berkly Rivlin,brivlin1x@reddit.com,0.00
73,Jazmin McGirr,jmcgirr20@kickstarter.com,0.00
92,Halli Hawksby,hhawksby2j@stanford.edu,0.00
99,Alex Cases,acases2q@microsoft.com,0.00
102,Evie Simonett,esimonett2t@oakley.com,0.00
116,Baldwin Seeds,bseeds37@artisteer.com,0.00
132,Louisette Bargh,lbargh3n@mtv.com,0.00
141,Iseabal Flavelle,iflavelle3w@phpbb.com,0.00
147,Dacie Derby,dderby42@bloglovin.com,0.00
159,Wilmar Dallon,wdallon4e@elegantthemes.com,0.00
199,Caren Extall,cextall5i@theatlantic.com,0.00
208,Tiphanie Rapaport,trapaport5r@ifeng.com,0.00
211,Gerrard Kibel,gkibel5u@oracle.com,0.00
223,Siusan Pagelsen,spagelsen66@odnoklassniki.ru,0.00
304,Darla Bottinelli,dbottinelli8f@phpbb.com,0.00
325,Gustavo Hercules,ghercules90@behance.net,0.00
332,Leonid Tugman,ltugman97@ocn.ne.jp,0.00
345,Odetta Webb,owebb9k@4shared.com,0.00
361,Garv Russ,grussa0@pbs.org,0.00
396,Gale Tonner,gtonneraz@auda.org.au,0.00
410,Cati Johansen,cjohansenbd@alexa.com,0.00
411,Ivar Silbermann,isilbermannbe@liveinternet.ru,0.00
414,Aretha Lerner,alernerbh@altervista.org,0.00
419,Rube Mansion,rmansionbm@zimbio.com,0.00
424,Dottie Gilffilland,dgilffillandbr@nydailynews.com,0.00
427,Noble Bogaert,nbogaertbu@myspace.com,0.00
428,Humphrey Lymbourne,hlymbournebv@about.me,0.00
443,Shelli Graeser,sgraeserca@epa.gov,0.00
449,Sigismundo Loachhead,sloachheadcg@homestead.com,0.00
460,Gabbie Limpertz,glimpertzcr@bigcartel.com,0.00
471,Trstram Marner,tmarnerd2@tiny.cc,0.00
474,Mateo Higbin,mhigbind5@typepad.com,0.00
475,Hildagard Loding,hlodingd6@omniture.com,0.00
494,Dyane Erbain,derbaindp@loc.gov,0.00
511,Catarina Rabjohn,crabjohne6@ning.com,0.00
518,Sheffield Davie,sdavieed@drupal.org,0.00
527,Rachael Everit,reveritem@plala.or.jp,0.00
535,Jo Taye,jtayeeu@webeden.co.uk,0.00
555,Olwen Eccles,oecclesfe@amazonaws.com,0.00
557,Trudy Easman,teasmanfg@ucoz.com,0.00
566,Gracie Tocher,gtocherfp@yellowbook.com,0.00
570,Allianora Sketch,asketchft@spotify.com,0.00
582,Balduin MacLaverty,bmaclavertyg5@newyorker.com,0.00
583,Karlens Ferreo,kferreog6@dedecms.com,0.00
584,Darya Uccello,duccellog7@cocolog-nifty.com,0.00
588,Xylia Lascelles,xlascellesgb@uiuc.edu,0.00
599,Aimee Albasini,aalbasinigm@icio.us,0.00
609,Claus Desquesnes,cdesquesnesgw@last.fm,0.00
615,Janeta Maestro,jmaestroh2@webnode.com,0.00
622,Walsh Micka,wmickah9@ehow.com,0.00
623,Stanton Bastable,sbastableha@51.la,0.00
630,Dorine Dering,dderinghh@nsw.gov.au,0.00
636,Kris Gaffer,kgafferhn@amazon.co.uk,0.00
644,Brok Rechert,brecherthv@last.fm,0.00
658,Sheppard Gillies,sgilliesi9@ameblo.jp,0.00
668,Nora MacAllaster,nmacallasterij@examiner.com,0.00
670,Hester Keggins,hkegginsil@stanford.edu,0.00
671,Hillyer O'Corhane,hocorhaneim@amazon.com,0.00
675,Jeremiah Bellworthy,jbellworthyiq@princeton.edu,0.00
680,Brenda Mailes,bmailesiv@webnode.com,0.00
682,Marcelo Pinckney,mpinckneyix@dot.gov,0.00
686,Leroy Teresia,lteresiaj1@over-blog.com,0.00
694,Annemarie Airs,aairsj9@vimeo.com,0.00
695,Ansel Sickamore,asickamoreja@cornell.edu,0.00
699,Sharia Screwton,sscrewtonje@scientificamerican.com,0.00
718,Waverly Goom,wgoomjx@apache.org,0.00
729,Caresse Fassam,cfassamk8@webmd.com,0.00
741,Tressa Tydd,ttyddkk@sina.com.cn,0.00
744,Armando Barbery,abarberykn@google.fr,0.00
748,Sharity Scranny,sscrannykr@stanford.edu,0.00
753,Maryrose Behning,mbehningkw@imdb.com,0.00
755,Urbano Mackney,umackneyky@facebook.com,0.00
763,Delcina Dearnaly,ddearnalyl6@infoseek.co.jp,0.00
768,Florette Mixhel,fmixhellb@wikimedia.org,0.00
770,Marie Dooman,mdoomanld@de.vu,0.00
775,Xever Aggas,xaggasli@parallels.com,0.00
789,Blane L'Hommeau,blhommeaulw@about.me,0.00
790,Nancie McMenamy,nmcmenamylx@canalblog.com,0.00
793,Woodie Shinn,wshinnm0@barnesandnoble.com,0.00
796,Dinny Salt,dsaltm3@ucoz.com,0.00
799,Sherye Gives,sgivesm6@imageshack.us,0.00
805,Willi Morforth,wmorforthmc@gnu.org,0.00
807,Ronni Bowick,rbowickme@yellowbook.com,0.00
809,Andie Lafuente,alafuentemg@elegantthemes.com,0.00
827,Holden Gouny,hgounymy@altervista.org,0.00
832,Goraud Tippin,gtippinn3@rakuten.co.jp,0.00
837,Fannie Elleton,felletonn8@businesswire.com,0.00
842,Timothy Neilands,tneilandsnd@toplist.cz,0.00
857,Zola Barmadier,zbarmadierns@facebook.com,0.00
861,Olva Rickeard,orickeardnw@forbes.com,0.00
876,Sheilakathryn Yanyushkin,syanyushkinob@ow.ly,0.00
884,Germain Kalkhoven,gkalkhovenoj@netscape.com,0.00
891,Roarke Baggett,rbaggettoq@dailymotion.com,0.00
897,Harley Martignon,hmartignonow@blinklist.com,0.00
898,Nonna Tie,ntieox@topsy.com,0.00
908,Annaliese Brundall,abrundallp7@stumbleupon.com,0.00
912,Merilyn Day,mdaypb@gravatar.com,0.00
919,Benita Creaney,bcreaneypi@princeton.edu,0.00
924,Aubree Baudains,abaudainspn@behance.net,0.00
926,Shirlee Farrier,sfarrierpp@xrea.com,0.00
962,Deonne Biddy,dbiddyqp@wikipedia.org,0.00
963,Lars Maymand,lmaymandqq@telegraph.co.uk,0.00
974,Maxie Jenkin,mjenkinr1@wunderground.com,0.00
976,Zolly Geldeard,zgeldeardr3@scientificamerican.com,0.00
994,Briggs Mc Pake,bmcpakerl@last.fm,0.00
id,name,email,0.00
8,Conchita,cwaggitt7@upenn.edu,0.00
20,Gearard,gyakubovichj@dailymotion.com,0.00
22,Halley,hnorhenyl@elpais.com,0.00
23,Raquela,rcruikshanksm@angelfire.com,0.00
25,Sterne,sdequesneo@google.ca,0.00
27,Mireille,mcamoysq@miibeian.gov.cn,0.00
31,Garey,gbartosu@shareasale.com,0.00
46,Diahann,dhammer19@chicagotribune.com,0.00
50,Atlanta,aaubry1d@oakley.com,0.00
52,Muffin,mbodker1f@npr.org,0.00
65,Marylou,mkulis1s@sciencedaily.com,0.00
67,Hillary,hlewsie1u@wordpress.org,0.00
71,Katinka,kwessell1y@dropbox.com,0.00
93,Diane-marie,dgatteridge2k@t-online.de,0.00
97,Austen,amarwick2o@utexas.edu,0.00
98,Neal,nmattiacci2p@jimdo.com,0.00
99,Emiline,edruce2q@prnewswire.com,0.00
107,Rubie,rlightbowne2y@mlb.com,0.00
108,Nealson,noconor2z@a8.net,0.00
125,Wain,wpatty3g@sbwire.com,0.00
129,Garrek,gdows3k@google.nl,0.00
133,Elsworth,eduncklee3o@marketwatch.com,0.00
146,Dom,dgrishakin41@edublogs.org,0.00
158,Nata,nabbay4d@redcross.org,0.00
171,Colby,cpeto4q@umich.edu,0.00
176,Brenden,bgodridge4v@sfgate.com,0.00
179,Jareb,jturbefield4y@sogou.com,0.00
192,Tabbie,tbrabbs5b@so-net.ne.jp,0.00
202,Carlee,cayrton5l@com.com,0.00
209,Karry,kjurries5s@behance.net,0.00
216,Rubin,rkivits5z@icq.com,0.00
231,Evie,efrangione6e@chron.com,0.00
233,Patrick,prodder6g@salon.com,0.00
240,Emelyne,erushmere6n@mozilla.org,0.00
255,Elle,eisles72@guardian.co.uk,0.00
261,Anny,agrason78@earthlink.net,0.00
290,Mayor,mterbrugge81@china.com.cn,0.00
300,Bourke,bmuttitt8b@sina.com.cn,0.00
302,Mayne,meckery8d@businessinsider.com,0.00
313,Annnora,aohenery8o@jigsy.com,0.00
334,Coraline,cjamrowicz99@comcast.net,0.00
335,Sasha,scarling9a@amazon.com,0.00
337,Estella,evarnes9c@mtv.com,0.00
342,Bendicty,bbrimmell9h@de.vu,0.00
346,Morgan,mrenfree9l@dailymotion.com,0.00
348,Cy,cbubbins9n@marriott.com,0.00
363,Karen,kcarlea2@berkeley.edu,0.00
365,Ludwig,lbrigginshawa4@go.com,0.00
370,Danyelle,ddrysdella9@devhub.com,0.00
376,Darda,dtybaltaf@t.co,0.00
389,Wheeler,whoulridgeas@fema.gov,0.00
402,Simonne,sfanthamb5@deviantart.com,0.00
448,Hannis,hmullingercf@microsoft.com,0.00
452,Ferdinande,fheggmancj@businessweek.com,0.00
454,Ripley,rsheptoncl@google.it,0.00
457,Bianka,bsheepyco@cnn.com,0.00
464,Barnabas,baugiecv@archive.org,0.00
481,Devina,dhatwellsdc@imgur.com,0.00
482,Zarah,zballamdd@last.fm,0.00
508,Christalle,cbaylise3@netvibes.com,0.00
519,Irv,imacgillicuddyee@examiner.com,0.00
520,Keeley,kcantopheref@guardian.co.uk,0.00
522,Vivianne,vwebbyeh@surveymonkey.com,0.00
530,Eden,eigguldenep@microsoft.com,0.00
567,Wandis,wvitetfq@businesswire.com,0.00
573,Minda,mwalnefw@linkedin.com,0.00
583,Gareth,gplacidig6@sourceforge.net,0.00
592,Minne,mfeckeygf@fema.gov,0.00
598,Jorie,jbampfieldgl@slideshare.net,0.00
601,Jaine,jolandergo@mapy.cz,0.00
622,Sileas,sbaribalh9@dell.com,0.00
625,Daisey,dmattiussihc@npr.org,0.00
632,Wendie,wlasseyhj@dailymotion.com,0.00
634,Wini,wdaddahl@shinystat.com,0.00
635,Reba,rjeramhm@altervista.org,0.00
650,Angelita,apashbai1@sohu.com,0.00
655,Hobard,hgeckei6@reddit.com,0.00
669,Morrie,msauntik@hp.com,0.00
671,Mohammed,mquarlessim@feedburner.com,0.00
674,Mano,mvelteip@artisteer.com,0.00
684,Cesar,cnehliz@businessinsider.com,0.00
689,Matteo,maleninj4@whitehouse.gov,0.00
694,Jeanne,jhughlandj9@about.com,0.00
710,Byron,bkaddjp@cdbaby.com,0.00
712,Marietta,mwilmingtonjr@photobucket.com,0.00
715,Francoise,feschju@sciencedaily.com,0.00
728,Holly,hhinchshawk7@themeforest.net,0.00
793,Cesya,cbussonm0@domainmarket.com,0.00
794,Leticia,lattreedm1@mlb.com,0.00
795,Brunhilde,bmcdonoghm2@dmoz.org,0.00
818,Jeanna,jdavidovicsmp@desdev.cn,0.00
829,Sophia,sproschken0@reuters.com,0.00
837,Kaleena,kparamann8@msu.edu,0.00
842,Ronna,reykelhofnd@mapquest.com,0.00
850,Moritz,mfressonnl@stumbleupon.com,0.00
852,Carlin,cverrellnn@unesco.org,0.00
859,Genovera,grathkenu@cloudflare.com,0.00
862,Nevsa,nlippettnx@jimdo.com,0.00
868,Isabel,ibenedicto3@virginia.edu,0.00
872,Giselbert,grankino7@flickr.com,0.00
873,Coriss,cspehro8@bbb.org,0.00
876,Pryce,pkubicaob@ucsd.edu,0.00
886,Shell,storpieol@jugem.jp,0.00
899,Frasco,fwieprechtoy@skype.com,0.00
911,Gaby,gnassiepa@admin.ch,0.00
919,Iosep,ithumannpi@pinterest.com,0.00
924,Britt,bdambrosipn@360.cn,0.00
930,Martin,mdouchept@mac.com,0.00
935,Billye,blarverpy@google.nl,0.00
939,Wood,wbaudtsq2@merriam-webster.com,0.00
940,Misha,mmaudeq3@hatena.ne.jp,0.00
942,Karrah,kpoynerq5@unc.edu,0.00
954,Eugen,egobelqh@ning.com,0.00
961,Vivia,vjellyqo@nationalgeographic.com,0.00
980,Marybelle,mhowlandr7@webeden.co.uk,0.00
